"Trump Leads, Carson 2nd in GOP Race; Biden Support Jumps: Poll"
Ben Carson’s Religious Beliefs Come Under Scrutiny
Walker: Not Interested in Cabinet Position If Republican Elected
The Pope's U.S. Visit Isn't About Politics for Many Catholics
New Super-PAC TV Ad Highlights Bush Record on Taxes and Spending
"Pope Plunges Into Political Fray on Climate, Immigration"
Clinton Promises Health Insurance Merger Scrutiny in Plan
Fox Says It Canceled Trump Appearance Before ‘Boycott’ Tweet
Top Democrat Anita Dunn Defends Debate Schedule
White House: Not Surprised by Clinton’s Keystone Opposition
"2016 Presidential Debates Set for Ohio, Missouri, Nevada"
Ted Cruz Threatens Weekend Session in Quest to Defund Planned Parenthood
Trump Tweets Won’t Do Fox News Shows for ‘Foreseeable Future’
Pope Stops to Kiss Baby on Washington Parade Route
Clinton Unveils Energy Plan with Focus on Pipelines
Colbert's Magic Trick: Taming GOP Firebreathers Donald Trump and Ted Cruz
Donald Trump Says ’God Is the Ultimate’
Blackstone’s Schwarzman Said to Sponsor Kasich Mtg: Insider
Everything We Know About the Hillary Clinton E-Mails (and a Few Things We Don't)
"Reeling From 'American Idol' Downfall, Fox Turns to Horror"
Why Uber and Other Tech Companies Are Spreading Across the Bay to Oakland
Pillsbury Winthrop Said in Talks to Merge With Chadbourne Parke
"A Year After Gross Exit, TCW Leads Winners as Pimco Sheds Assets"
Fonterra Raises Milk Payout Forecast as 2015 Earnings Jump
"China's Capital Outflow to Slow, Standard Chartered Says"
"Munich Re, Marsh Seeking ‘Next Blockbuster’ With Pharma Coverage"
Brazil Real Tumbles Most in Four Years as Investors Rush to Sell
Pao’s Gender-Bias Odyssey Ends as Kleiner Drops Judgment
"Boeing, China Swap Jet Deals as Xi's Visit Underscores Stakes"
Crude Retreats as Demand Concern Flares While Draghi Boosts Euro
Pimco Forecast for Quicker Inflation Clashes With Bond Market
Melco Crown Tumbles in New York as Deutsche Bank Stays Bearish
Volkswagen CEO Likely to Get $32 Million Pension After Leaving
Burkina Faso President Kafando Returns to Power After Coup
Cunha Says Misdeed in Prior Term May Justify Brazil Impeachment
Altice CEO Says Buying Spree Paused After Cablevision Deal
Euro Rises as Draghi Downplays Need for More Monetary Stimulus
Imperial Cuts Spending on Existing Projects as Costs Drop
China Is Sitting on an Ocean of Diesel Fuel
China's Xi Can't Compete With `Rock Star' Pope in U.S. Trip
Putin Said to Plan Islamic State Strikes With or Without U.S.
Tokyo's Taxi of Tomorrow Lifts Bar as Cities Seek Greener Fleets
"U.S. Stocks Slip in Light Trading as Raw-Materials, Energy Drop"
Latin American Currencies Lead Emerging-Market Selloff on China
Volatility Rules as Fed Provides No Bad-Day Buffer to Stocks
Emerging Stocks Slump Most in a Month as China Outlook Worsens
"Potash Corp. Bid Helped by Commodity Slide, Analysts Say"
Canada Stocks Cap Worst 2 Days Since August as Energy Tumbles
Peabody Lenders Said to Hire Davis Polk for Debt Discussions
VW Seeks to Fill Power Vacuum With New CEO Expected by Friday
No Relief for Brazil Stocks as China Gloom Offsets Budget Win
"J.C. Penney Names Tighe Chief Merchant, Replacing Sweney"
Texas Power Suppliers Keep Users Hooked by Turning Lights Off
Petrobras Sees ‘Great Wave’ of $100-Oil Never Coming Back
First Niagara Climbs Following Report It’s Exploring Sale
Colombia Sees 50-Year War Near End as Impasse Broken in Talks
"At 4-Per-Dollar, Brazil's Currency and Reputation Are in Tatters"
Bad News for Bankers as Miners Seen Balking at Mega Deals
Citigroup to Close Boston Branches as Bank Narrows Retail Focus
Volkswagen's Other Diesel Ruse: Premium Pricing
Petrobras Riskier Than Argentine Peer Shows Confidence Collapse
Coal's Carving Itself a Bigger Slice of America's Pizza Market
Lock Up Your Bees: Pollinator-in-Chief Snatched as Almonds Soar
Xi Promises Reforms to Make U.S.-China Business Easier
Deutsche Bank Strategist: The Odds of the Federal Reserve Staying on Hold Until 2017 Are 'Up There'
Boeing Lands $38 Billion Jet Order From Chinese Airlines
"""Viva Papa!"" Pope Francis Thrills Washington in Big and Small Ways"
Carmaker Cheating on Emissions Almost as Old as Pollution Tests
Euro May Suffer in Potential Fallout From VW Emission Crisis
"Glencore Zambia Unit Tells Government It Sees 3,800 Job Cuts"
Traders Spooked by El Nino Grind Winter Gas to a 16-Year Low
Palladium Rise to Two-Month High on China Auto-Emissions Push
Mexico Moves to Support Peso For Third Day as Currency Tumbles
Zinc Rallies From Five-Year Low as Metals Rebound on Europe
Gross Tells Fed to `Get Off Zero Now!' as Economies Run on Empty
Ellen Pao’s Gender-Bias Odyssey Ends as Kleiner Drops Judgment
Boeing Lands $38 Billion Jet Order as President Xi Visits U.S.
VW Cheating Added Pollution of as Many as 19 Million U.S. Cars
Pine Cliff Surges on ConocoPhillips Asset Purchase Speculation
Energy Capital Said to Seek Buyers for Stake in Summit Midstream
What Volkswagen's Crisis Could Mean for Auto Asset-Backed Securities
VW Chief Winterkorn Steps Down After Emissions Scandal
EU Clashes Over Border Controls to Discourage Unwanted Migrants
Argentine Underdog Sees Late Surge in Election He Almost Quit
Deutsche Bank Mistaken for Bundesbank Saved on Funding Costs
Canada Dollar Reaches 11-Year Low as China Economic Growth Slows
Challengers Attack Canada's Pro-Oil Harper for Stalled Pipelines
CLO Managers Find No Quarter in European Securitization Rules
Oil Drillers' Credit Lines to Shrink as Banks Revalue Assets
Bombardier's Business Jet Chief Sees Deliveries Rebounding
EU Supervisors Face Binding Arbitration on Simple ABS Discord
ISDA Ruling Paves Way for Ukraine CDS Payout as Default Nears
Total Plans $500 Million Annual Investment in Renewable Energy
Rivals Rule Out Supporting Harper If He Wins Minority in Canada
Volkswagen-Led Pain in Auto Stocks Seen Deepening by Options
"ECB Removes Deutsche Bank, State Street From ABS Program"
Schaeuble Says Germany Can't Hide in Europe's `Crisis Years'
Europe's Negative Yields Abound as ECB Pressure to Ease Mounts
China's Bloated State-Owned Companies Are Hurting Its Growth
Economists See China Cutting 2016 Growth Target to 6.5%-7% Range
Atlantic City Looks to Christie for Aid as Casinos Struggle
Hong Kong Stock Traders Lose Last-Hour Respite as Swings Widen
Chinese Art Auctions Fall to $7.9 Billion as Speculators Flee
European Stocks Little Changed as Investors Weigh Recovery
Lloyds Trader Fired Over Libor Rigging Sues the Bank
More Disclosure Heads to European Trading Desks. In Spoonfuls
"Serena Williams, Amy Schumer, Patti Smith, and Yoko Ono Star in Pinup Calendar"
Developer Fined Record $1.1 Billion in India Ponzi Crusade
"U.S. Holiday Sales Growth Expected to Slow, Hurt by Stagnant Wages"
No Cheating Needed. Europe's Lax Laws Make Diesel Tests a Snap
Wall Street’s Biggest Dollar Boosters Are Throwing In the Towel
Pound Weakens as Prospect of BOE Policy Tightening Seen Delayed
Glencore's Stock Doesn't Reflect Reality as Bernstein Says Buy
Draghi Says Time Needed to Judge If More Stimulus Necessary
The Pitfalls of Health-Care Companies’ Addiction to Big Data
Miners Tumble as Citigroup Sees Bigger Commodity Losses Looming
New Jersey Pension Returned 4.2% for Fiscal Year Ended June 30
This Chart Helps Explain the Bond Market Liquidity Story
Mobius Enjoys Dental Surgery in Bid to Uncover Korea Small Caps
VW's Isolation Increases as European Governments Condemn Actions
Santos Says Colombian Peace Near as Impasse Broken in Talks
"ECB Said to Replace Deutsche Bank, State Street for ABS"
Can Joy Behar Save<em> The View</em>?
Lonmin Loses 90% of London Market Value This Year on Funding
Draghi Says Time Needed to Judge If More Stimulus Necessary
"Galenica Working With Centerview on M&A Plans, Separating Vifor"
Pound Weakens as Prospect of BOE Policy Tightening Seen Delayed
Can Dogs Help Cure (Human) Cancer?
Catalonia a Buy for BlueBay Dismissing Independence as Noise
South Africa Leaves Benchmark Interest Rate Unchanged at 6%
Soweto Emerges for Generation of South African Wine Drinkers
Gliding at the Edge of Space for Science
Kenya Opposition Begins Impeachment Motion Over Teachers’ Strike
Car Purchases Lead 3rd-Straight Gain in Canadian Retail Sales
Nampak Plans Glass Factories in Africa's Most Populous Nations
Brazil Congress Upholds Majority of Rousseff's Budget Vetoes
"Obama to Bask in Pope's Aura, But Francis Wants Economic Justice"
Is He Selling You a Stock? Or a Big Fat Lie?
RBS Said to Eliminate 100 Jobs at Investment Bank in Revamp
Machinery Stocks Latest S&P 500 Group to Flash Sign of Weakness
Wall Street’s Biggest Dollar Boosters Are Throwing In the Towel
Wall Street Has A Few Thoughts On the Volkswagen Scandal
"Risks Dissipating for Renewable Energy in Europe, Moody's Says"
ISDA Assesses Ukraine Credit Event as $500 Million Bond Matures
Katainen to Seek Chinese Investment in Europe's Flagship Fund
Here's What Wall Street Thinks of Hillary Clinton's Plan to Crack Down on Pharmaceutical Companies
Volkswagen CEO Faces Board Showdown as Diesel Scandal Widens
Farron Seeks Anti-Cameron Liberals to Join ‘Credible Opposition’
VW Woes Infect Broader Auto Credit as BP Serves as Guide: Analysis
Germany Denies Prior Knowledge of Volkswagen Emissions Tampering
Treasuries Erase Gain as Stock Rebound Damps Demand for Havens
"Charting the Markets: Europe Shrugs off China Data, While Asian Stocks Decline"
Blackstone’s Schwarzman Said to Sponsor Kasich Meeting: Insider
