"In blue New Hampshire, doubts about Clinton grow"
Pope Francis leaves students with some homework
Seattle crash victims identified 
Trump brings personal bible for religious appeal
"U.S. and China make progress, but differences lurk"
"U.S., China say they won't engage in cybertheft"
Pope Francis speaks at the U.N.
"In Iowa, lines blurred between Fiorina campaign and Super PAC"
"Patrick Kane case: No evidence tampering, DA says"
Pope notes: From halls of power to homelessness
Hajj stampede: Iranians slam Saudis over deadly crush
Sepp Blatter: Swiss open criminal proceedings
Pelosi: Important to speak up against Chinese repression
"Forced out by strike, Kenyan students turn to movies "
Boehner resignation spurs succession fight
Death penalty showdown: The Pope vs. the Supreme Court
What caused the deadly stampede at the Hajj?
Why John Boehner quit
Thailand shrine bombing: Primary suspect admits to being man in yellow shirt
Mahatma Gandhi's descendants thrive in South Africa
'CSI' being laid to rest after 15 years
Politicians react to Speaker John Boehner's resignation
John Boehner resigning from Congress
Delaware police shoot man in wheelchair
Pope Francis visits 9/11 memorial
4 rising stars who could replace Boehner
Homer Simpson has narcolepsy
A look back at the best of Boehner
Obama: John Boehner 'a patriot'
Death at the Hajj viewed as a blessing for some
Why conservatives must fight climate change
Michelle Obama and China's first lady name baby panda Bei Bei
Banned Books Week champions challenged literature
Saudi Arabia stampede: How to cut risks
Jeb Bush says Dems lure black voters with 'free stuff'
Bill de Blasio: Pope Francis' moral call for equality 
Pope Francis: Solution to deafness of culture warriors
10 ways Pope Francis challenges us
The Catholic case for the free market
Carol Costello: Mysteries of the Catholic faith
Francis is the reform pope we need
Jeb Bush: How Catholic faith changed my life 
Pope Francis is the anti-Trump
"Pope Francis faces criticism from left, right"
Conservatives boo Trump after Rubio 'clown' insult
Marco Rubio: Will Pope Francis inspire freedom in Cuba?
Beatles' 1962 contract going to auction
Marco Rubio paid family leave plan at Value Voters Summit
Watch 'The Warriors' recreate their last subway ride home
Check out Sam Smith's new James Bond theme
'Blood moon' coming Sunday; should we fear it?
Pope Francis in East Harlem: His 'most important stop'
Fenced in for hours in NYC to see Pope Francis
Essure contraceptive debated before FDA
Rare lunar eclipse comes Sunday
Rugby World Cup 2015: All Blacks battle against Namibia
Protests over Israel checkpoint shooting
6 ways to build a fashion empire with Manolo Blahnik 
How to really find the world's next top model
Dan Carter: All Blacks star's Rugby World Cup odyssey
Obama and Vladimir Putin to meet at U.N. next week
Bloodhound Supersonic set to steal land speed record
Kim Zolciak had a mini-stroke
"Dorothy Day, Thomas Merton: Pope notes two Catholics "
"Saudi prince arrested, faces sex charge in Los Angeles"
12 great beers for fall
Marco Rubio 'outraged' at DNC chair's Hitler knock
Search for Nefertiti's burial site given green light
326 billion reasons Africa is on the move
Rio 2016: Dead fish wash up in Olympic lagoon
"Teen loses 100 pounds, gets tummy tuck"
Syria civil war prompts first 'Doomsday Vault' withdrawal 
Oprah who? Self-made TV star is the talk of Nigeria
14 powerful photos addressing inequality
Ben Carson 2016: Inside the candidate's complex faith
U.N. chief: Listen to Pope Francis on climate action
Bill Cosby: Universities rescind honorary degrees
Joe Biden to headline Human Rights Campaign dinner
" How Pope Francis won over Hill Republicans"
How to stay safe in mass gatherings
"First on CNN: In new ad, Clinton draws contrast with Republicans"
Poll: Hillary Clinton trails Bernie Sanders in New Hampshire
Your questions about climate change answered
Russian fighter jets enter Syria with transponders off
Running the Greek islands
Carly Fiorina's long support for mandatory insurance 
"4 dead as bus, duck tour vehicle collide in Seattle"
"Jorge Mendes: The man behind soccer's ""craziest deals'"
Selena Gomez on her ex Justin Bieber's comeback
"Ali Landry's father-in-law, brother-in-law found dead in Mexico"
The five best ways to experience Havana
25 walruses found killed on Alaskan coast
Airline proposes even longer nonstop: 18 hours
Expectations low for U.S.-China state dinner
Singapore closes schools as haze worsens
The secret world where F1 cars are made
The unlikely force behind Ben Carson's Iowa campaign
"Fact checking Jeb Bush's attack on Donald Trump's ""tax plan"""
Putin calls Elton John after prank
" Shortlist revealed for 'Oscars' of the museum world"
North Korea on tensions: We're sorry but not guilty
Rugby World Cup 2015: CNN Sport explains -- rugby
Cathay flight diverted due to engine trouble
Kai-fu Lee: Chinese tech guru bigger than Timberlake
North Korea's most famous farmer
7 of the world's most incredible lakeside lodges
Bush praying for victims of Hajj stampede
5 things to know for your new day -- September 25
Stampede kills hundreds at Hajj pilgrimage in Mecca 
Pope Francis to nuns: 'I love you very much'
Hajj 2015: Balance between pilgrimage and consumerism
"Japanese man, 105, sets sprint record"
Accuser's attorney withdraws from Patrick Kane rape case
Jeb Bush defends attacks against 'multiculturalism'
Carly Fiorina downplays her insider credentials
China to unveil new climate regulations
GOP leaders in Congress plot plan to avoid shutdown
Loose tarantula prompts Delta to call off flight 
Child portraits recall a more innocent era
"6 awkward conversation topics for Presidents Obama, Xi "
Carly Fiorina trashes Planned Parenthood at pregnancy center
Russia exhumes Czar Nicholas II in slayings probe
Modern Family's Rico Rodriguez leads Latino chess film
"'Flower boy Webber' out, then in, for Trump NH event"
Will Volkswagen's penalty be high enough?
Texas coach accused of ordering player to hit referee resigns
"CNN Student News - September 25, 2015"
Lena Dunham: Clinton wasn't always a 'titan political figure'
"One family's 13,000-mile road trip to see the Pope"
Pope Francis preaches compassion to divided Congress
Is Huckabee running for pope or president?
Kind of bomb that killed scrapyard worker identified
Poll finds a new top tier for New Hampshire GOP
Pizza Rat: Our newest obsession
How strong is the U.S. Dietary Guidelines' science?
Lymphoma: How I ended up in the club
'American jihadi' captive to testify in U.S. Congress
What Trump doesn't get about Hispanic heritage
GOP race: More should follow Scott Walker's lead
Pope invokes MLK in nod to Black Lives Matter movement
Pope Francis and the future of the death penalty
Pope meets with Nuns fighting Obamacare
Hajj stampede: 5 things you need to know
No sanction for Tennessee player who hit football official 
Rubio strikes back at Trump
Eid al-Adha: 5 things to know 
How could Volkswagen be so stupid?
"Ben Carson: Kanye's a fan, Ice-T is not"
"Pope may have nudged Colombia, FARC toward peace"
'Kenan and Kel' and 'That's So Raven' stars reunite 
Frankfurt Motor Show 2015: Our sexy electric future 
"Bernie Sanders praises Pope's focus on poverty, Day"
Black women's fight for motherhood
Defector wants to return to North Korea
'Empire' Season 2: TV review
"9,000-year-old skull may be oldest ritual decapitation"
"'By nourishing plants, you're nourishing community'"
Man accused of pushing wife off Colorado cliff convicted
Dems see few reasons to help Boehner avoid shutdown
"Poll: Donald Trump lead shrinks, still tops in field"
Donald Trump: Ivanka expecting third child
What we know about 'Star Wars: The Force Awakens'
"Colombian, FARC leaders agree on path toward peace deal"
Kanye West talks 2020 presidential bid to Vanity Fair
"Bay City Rollers reuniting, plan to tour"
Evidence bag in Patrick Kane rape case tampered with
Pope Francis' historic speech to Congress
Gatsh Fros: Botswana's duo with a passion for fashion
Blood moon prophecy has some expecting end of the world
Pope Francis speech: Full text
The science supporting gender-neutral marketing
Malik Yusef: Pope Francis the 'Hip-Hop Pope'
Cheating husband dumped... With huge billboard sign
Syrian civil war: Baby born with shrapnel on forehead 
Yemen mosque bombing kills dozens during Eid prayers
Legionnaires' threat closes 3 Illinois schools
Teen killed by train at Eurotunnel terminal in France
Migrant crisis: Europe seeks unified response 
Namibian part-timers ready to face All Blacks
Is this Africa's most dedicated sports fan?
Australia could bar entry to singer Chris Brown
"Donald Trump vs. the Pope on immigration, climate "
Extremists in Bangladesh publish hit list of bloggers
How the White House is tweaking your behavior
France selling formerly Russia-bound warships to Egypt
5 tools to start a business for free
Zaha Hadid's Iraq: 'Math was like sketching'
"Hadid, Libeskind: How our childhoods made us architecture's greats"
Huge mosque opens in Moscow
How to be a travel blogger: 7 pro tips
"5 things to know for Thursday, September 24"
Is this the world's luckiest koala?
And the best restaurant in Latin America is ...
Bali suitcase murder: U.S. couple allegedly got killing tips from kin
White House readies cyber sanctions against China
Create. Make. Repeat. Can China unleash innovation?
Foreign students praise Xi Jinping in PR video
No sanction for Tennessee player who hit football official 
John Wayne Gacy probe yields break in another case
3 prosecuted in China over poaching of giant panda
Texas football players who hit official go to hearing
Mike Huckabee: Obama pretends to be a Christian
A look at fashion's most elaborate catwalks
EU pledges more money for people fleeing Syria
Donald Trump to unveil his tax plan next week
Ted Cruz: Democrats now control Congress
Al Jazeera journalists pardoned in Egypt
Ben Carson: Money pouring in after Muslim comments
Pope Francis gets political in Washington debut
Yogi Berra's legacy: Baseball and hilarious quotes
Death of Bella Bond: Blame game begins
Peanut sentence sends a message
Pope Francis canonizes controversial saint
"CNN Student News - September 24, 2015"
Pope Francis makes missionary Junipero Serra a saint
"Yogi Berra, Hall of Fame catcher for Yankees, dies"
The legendary Yogi Berra: Politicians pay tribute
"Carson, Bush, O'Malley to see Pope Francis"
